id,loan_status
58645,0
58646,0
58647,1
58648,0
58649,0
58650,1
58651,0
58652,1
58653,0
58654,1
58655,1
58656,0
58657,0
58658,0
58659,0
58660,0
58661,0
58662,0
58663,0
58664,1
58665,0
58666,0
58667,1
58668,0
58669,1
58670,0
58671,0
58672,0
58673,1
58674,1
58675,1
58676,1
58677,1
58678,1
58679,0
58680,0
58681,1
58682,0
58683,0
58684,0
58685,0
58686,1
58687,1
58688,1
58689,0
58690,1
58691,0
58692,0
58693,0
58694,1
58695,0
58696,1
58697,0
58698,1
58699,1
58700,0
58701,1
58702,0
58703,0
58704,1
58705,0
58706,1
58707,0
58708,1
58709,1
58710,0
58711,0
58712,0
58713,1
58714,1
58715,1
58716,0
58717,0
58718,1
58719,1
58720,0
58721,1
58722,1
58723,0
58724,0
58725,0
58726,0
58727,0
58728,0
58729,0
58730,1
58731,1
58732,0
58733,1
58734,0
58735,1
58736,1
58737,0
58738,0
58739,1
58740,1
58741,1
58742,1
58743,0
58744,0
58745,1
58746,1
58747,0
58748,1
58749,0
58750,0
58751,1
58752,0
58753,1
58754,0
58755,1
58756,1
58757,0
58758,0
58759,0
58760,0
58761,0
58762,0
58763,0
58764,0
58765,1
58766,0
58767,1
58768,0
58769,0
58770,0
58771,0
58772,1
58773,1
58774,1
58775,1
58776,0
58777,1
58778,1
58779,0
58780,0
58781,1
58782,0
58783,0
58784,0
58785,0
58786,0
58787,0
58788,0
58789,0
58790,0
58791,0
58792,1
58793,0
58794,1
58795,0
58796,1
58797,0
58798,0
58799,1
58800,0
58801,1
58802,0
58803,0
58804,0
58805,0
58806,1
58807,0
58808,0
58809,0
58810,1
58811,0
58812,1
58813,0
58814,0
58815,0
58816,1
58817,1
58818,0
58819,1
58820,0
58821,1
58822,0
58823,1
58824,0
58825,1
58826,1
58827,1
58828,0
58829,1
58830,0
58831,1
58832,0
58833,0
58834,1
58835,1
58836,0
58837,0
58838,1
58839,0
58840,0
58841,1
58842,1
58843,0
58844,1
58845,1
58846,1
58847,0
58848,0
58849,1
58850,1
58851,1
58852,1
58853,0
58854,0
58855,1
58856,1
58857,1
58858,1
58859,1
58860,1
58861,0
58862,0
58863,1
58864,1
58865,1
58866,0
58867,0
58868,0
58869,0
58870,1
58871,1
58872,0
58873,0
58874,0
58875,1
58876,0
58877,0
58878,0
58879,1
58880,1
58881,1
58882,1
58883,1
58884,1
58885,0
58886,0
58887,0
58888,1
58889,0
58890,1
58891,0
58892,1
58893,1
58894,1
58895,1
58896,0
58897,0
58898,0
58899,1
58900,0
58901,0
58902,1
58903,0
58904,0
58905,1
58906,0
58907,0
58908,1
58909,0
58910,0
58911,0
58912,1
58913,0
58914,0
58915,0
58916,0
58917,0
58918,0
58919,1
58920,1
58921,0
58922,0
58923,0
58924,1
58925,0
58926,0
58927,1
58928,0
58929,1
58930,1
58931,0
58932,1
58933,1
58934,0
58935,1
58936,1
58937,0
58938,0
58939,1
58940,0
58941,0
58942,1
58943,1
58944,1
58945,0
58946,1
58947,1
58948,0
58949,0
58950,0
58951,1
58952,1
58953,0
58954,0
58955,0
58956,0
58957,0
58958,1
58959,1
58960,0
58961,1
58962,0
58963,0
58964,0
58965,0
58966,0
58967,1
58968,0
58969,0
58970,0
58971,0
58972,0
58973,1
58974,0
58975,0
58976,0
58977,1
58978,0
58979,1
58980,1
58981,0
58982,1
58983,0
58984,1
58985,1
58986,1
58987,0
58988,0
58989,1
58990,0
58991,0
58992,1
58993,1
58994,1
58995,1
58996,0
58997,0
58998,0
58999,0
59000,0
59001,0
59002,1
59003,1
59004,1
59005,0
59006,1
59007,1
59008,0
59009,1
59010,0
59011,1
59012,1
59013,1
59014,0
59015,1
59016,0
59017,0
59018,0
59019,0
59020,1
59021,0
59022,1
59023,0
59024,1
59025,0
59026,0
59027,1
59028,1
59029,0
59030,1
59031,0
59032,0
59033,0
59034,1
59035,1
59036,0
59037,0
59038,0
59039,1
59040,0
59041,0
59042,1
59043,1
59044,0
59045,0
59046,1
59047,1
59048,1
59049,0
59050,0
59051,1
59052,1
59053,1
59054,0
59055,1
59056,1
59057,0
59058,1
59059,0
59060,0
59061,1
59062,1
59063,1
59064,1
59065,0
59066,1
59067,1
59068,1
59069,1
59070,0
59071,0
59072,1
59073,0
59074,0
59075,0
59076,0
59077,1
59078,1
59079,1
59080,1
59081,1
59082,0
59083,1
59084,0
59085,0
59086,0
59087,1
59088,0
59089,0
59090,1
59091,0
59092,0
59093,0
59094,1
59095,1
59096,1
59097,1
59098,0
59099,1
59100,1
59101,1
59102,0
59103,1
59104,1
59105,1
59106,0
59107,1
59108,0
59109,0
59110,0
59111,0
59112,0
59113,1
59114,0
59115,0
59116,1
59117,0
59118,1
59119,0
59120,1
59121,0
59122,0
59123,1
59124,1
59125,0
59126,0
59127,1
59128,0
59129,1
59130,0
59131,0
59132,0
59133,1
59134,0
59135,1
59136,0
59137,0
59138,1
59139,1
59140,0
59141,0
59142,1
59143,1
59144,1
59145,0
59146,0
59147,0
59148,0
59149,0
59150,0
59151,0
59152,1
59153,1
59154,1
59155,1
59156,0
59157,0
59158,1
59159,0
59160,0
59161,0
59162,0
59163,1
59164,1
59165,0
59166,0
59167,0
59168,1
59169,0
59170,0
59171,1
59172,0
59173,1
59174,1
59175,1
59176,0
59177,0
59178,0
59179,1
59180,0
59181,0
59182,1
59183,1
59184,1
59185,1
59186,1
59187,1
59188,1
59189,0
59190,1
59191,1
59192,0
59193,1
59194,0
59195,1
59196,1
59197,1
59198,1
59199,1
59200,0
59201,1
59202,1
59203,1
59204,0
59205,0
59206,0
59207,0
59208,0
59209,0
59210,1
59211,0
59212,0
59213,1
59214,1
59215,1
59216,0
59217,1
59218,1
59219,0
59220,0
59221,0
59222,1
59223,0
59224,0
59225,0
59226,1
59227,0
59228,0
59229,0
59230,0
59231,0
59232,1
59233,0
59234,1
59235,1
59236,1
59237,1
59238,0
59239,0
59240,0
59241,0
59242,0
59243,0
59244,0
59245,1
59246,1
59247,1
59248,1
59249,0
59250,1
59251,1
59252,1
59253,0
59254,1
59255,0
59256,0
59257,1
59258,1
59259,1
59260,0
59261,1
59262,1
59263,1
59264,1
59265,1
59266,0
59267,1
59268,1
59269,0
59270,0
59271,0
59272,0
59273,0
59274,1
59275,0
59276,0
59277,0
59278,1
59279,0
59280,1
59281,1
59282,0
59283,1
59284,1
59285,1
59286,0
59287,0
59288,1
59289,0
59290,1
59291,1
59292,1
59293,1
59294,0
59295,1
59296,1
59297,0
59298,0
59299,1
59300,0
59301,1
59302,1
59303,1
59304,0
59305,0
59306,0
59307,0
59308,0
59309,0
59310,0
59311,0
59312,1
59313,0
59314,0
59315,0
59316,0
59317,1
59318,0
59319,0
59320,0
59321,0
59322,1
59323,1
59324,1
59325,1
59326,1
59327,0
59328,0
59329,1
59330,1
59331,1
59332,0
59333,0
59334,0
59335,1
59336,1
59337,1
59338,1
59339,1
59340,0
59341,0
59342,1
59343,0
59344,0
59345,0
59346,1
59347,1
59348,1
59349,0
59350,0
59351,1
59352,1
59353,0
59354,0
59355,0
59356,1
59357,1
59358,1
59359,1
59360,1
59361,1
59362,0
59363,1
59364,1
59365,0
59366,0
59367,0
59368,1
59369,0
59370,0
59371,0
59372,0
59373,0
59374,1
59375,0
59376,0
59377,1
59378,0
59379,1
59380,0
59381,1
59382,0
59383,0
59384,1
59385,1
59386,1
59387,1
59388,0
59389,0
59390,0
59391,1
59392,1
59393,0
59394,0
59395,1
59396,1
59397,0
59398,1
59399,1
59400,0
59401,1
59402,1
59403,0
59404,1
59405,1
59406,0
59407,0
59408,1
59409,1
59410,0
59411,0
59412,1
59413,1
59414,0
59415,0
59416,1
59417,1
59418,0
59419,1
59420,0
59421,1
59422,1
59423,0
59424,1
59425,1
59426,0
59427,0
59428,0
59429,0
59430,1
59431,0
59432,0
59433,1
59434,0
59435,1
59436,0
59437,1
59438,0
59439,0
59440,0
59441,0
59442,1
59443,0
59444,0
59445,1
59446,0
59447,1
59448,0
59449,0
59450,1
59451,1
59452,1
59453,0
59454,0
59455,1
59456,0
59457,1
59458,0
59459,0
59460,1
59461,1
59462,0
59463,0
59464,0
59465,1
59466,1
59467,0
59468,0
59469,0
59470,0
59471,1
59472,1
59473,1
59474,1
59475,1
59476,0
59477,1
59478,0
59479,0
59480,0
59481,0
59482,1
59483,0
59484,1
59485,0
59486,0
59487,0
59488,1
59489,1
59490,1
59491,0
59492,1
59493,0
59494,1
59495,1
59496,0
59497,1
59498,0
59499,1
59500,0
59501,1
59502,0
59503,0
59504,1
59505,1
59506,1
59507,1
59508,0
59509,0
59510,0
59511,1
59512,0
59513,0
59514,0
59515,0
59516,1
59517,0
59518,1
59519,1
59520,1
59521,1
59522,1
59523,0
59524,0
59525,0
59526,1
59527,0
59528,1
59529,0
59530,1
59531,1
59532,1
59533,1
59534,0
59535,0
59536,0
59537,1
59538,1
59539,0
59540,1
59541,1
59542,1
59543,1
59544,0
59545,1
59546,1
59547,0
59548,1
59549,0
59550,0
59551,1
59552,0
59553,0
59554,1
59555,1
59556,0
59557,1
59558,0
59559,0
59560,1
59561,0
59562,1
59563,0
59564,0
59565,1
59566,0
59567,1
59568,0
59569,0
59570,1
59571,0
59572,0
59573,0
59574,0
59575,1
59576,0
59577,0
59578,0
59579,0
59580,0
59581,1
59582,1
59583,1
59584,0
59585,0
59586,1
59587,0
59588,0
59589,0
59590,0
59591,0
59592,1
59593,0
59594,0
59595,1
59596,0
59597,1
59598,0
59599,0
59600,1
59601,1
59602,1
59603,1
59604,0
59605,0
59606,0
59607,0
59608,0
59609,0
59610,0
59611,0
59612,1
59613,0
59614,1
59615,0
59616,1
59617,0
59618,1
59619,1
59620,1
59621,0
59622,0
59623,1
59624,1
59625,1
59626,1
59627,1
59628,1
59629,1
59630,0
59631,1
59632,0
59633,0
59634,1
59635,0
59636,1
59637,1
59638,0
59639,0
59640,0
59641,0
59642,1
59643,0
59644,1
59645,1
59646,0
59647,0
59648,0
59649,1
59650,0
59651,0
59652,0
59653,1
59654,1
59655,0
59656,0
59657,1
59658,0
59659,0
59660,0
59661,1
59662,1
59663,1
59664,0
59665,0
59666,1
59667,1
59668,0
59669,0
59670,1
59671,1
59672,1
59673,1
59674,0
59675,0
59676,0
59677,1
59678,0
59679,1
59680,0
59681,1
59682,1
59683,0
59684,0
59685,1
59686,0
59687,0
59688,0
59689,1
59690,1
59691,1
59692,1
59693,0
59694,1
59695,0
59696,0
59697,0
59698,1
59699,1
59700,0
59701,1
59702,0
59703,0
59704,1
59705,0
59706,0
59707,1
59708,0
59709,0
59710,1
59711,1
59712,0
59713,0
59714,0
59715,1
59716,1
59717,1
59718,1
59719,0
59720,0
59721,0
59722,0
59723,0
59724,0
59725,0
59726,0
59727,1
59728,0
59729,1
59730,1
59731,1
59732,0
59733,1
59734,1
59735,0
59736,0
59737,0
59738,0
59739,0
59740,1
59741,1
59742,0
59743,0
59744,0
59745,0
59746,1
59747,1
59748,0
59749,1
59750,0
59751,0
59752,1
59753,0
59754,0
59755,1
59756,0
59757,1
59758,1
59759,1
59760,1
59761,1
59762,1
59763,1
59764,1
59765,1
59766,0
59767,1
59768,1
59769,1
59770,0
59771,0
59772,1
59773,0
59774,0
59775,1
59776,1
59777,1
59778,0
59779,1
59780,0
59781,0
59782,0
59783,1
59784,1
59785,0
59786,0
59787,1
59788,0
59789,0
59790,0
59791,0
59792,1
59793,1
59794,0
59795,1
59796,1
59797,0
59798,0
59799,1
59800,0
59801,0
59802,1
59803,0
59804,1
59805,0
59806,0
59807,0
59808,0
59809,0
59810,0
59811,1
59812,0
59813,1
59814,1
59815,1
59816,0
59817,1
59818,0
59819,1
59820,0
59821,0
59822,1
59823,0
59824,1
59825,1
59826,0
59827,0
59828,0
59829,0
59830,0
59831,1
59832,1
59833,1
59834,0
59835,1
59836,0
59837,0
59838,0
59839,1
59840,0
59841,1
59842,1
59843,1
59844,0
59845,1
59846,0
59847,0
59848,0
59849,0
59850,0
59851,1
59852,0
59853,0
59854,1
59855,1
59856,0
59857,1
59858,1
59859,0
59860,1
59861,1
59862,0
59863,0
59864,0
59865,1
59866,1
59867,0
59868,0
59869,1
59870,0
59871,1
59872,0
59873,0
59874,0
59875,0
59876,0
59877,1
59878,0
59879,0
59880,0
59881,1
59882,0
59883,0
59884,1
59885,0
59886,0
59887,1
59888,0
59889,1
59890,1
59891,0
59892,0
59893,1
59894,0
59895,1
59896,0
59897,0
59898,1
59899,1
59900,1
59901,1
59902,1
59903,0
59904,1
59905,0
59906,1
59907,1
59908,1
59909,0
59910,0
59911,0
59912,1
59913,1
59914,1
59915,1
59916,1
59917,0
59918,1
59919,1
59920,0
59921,0
59922,0
59923,0
59924,0
59925,1
59926,1
59927,0
59928,0
59929,1
59930,1
59931,1
59932,1
59933,0
59934,0
59935,1
59936,1
59937,0
59938,1
59939,0
59940,0
59941,1
59942,1
59943,0
59944,0
59945,0
59946,0
59947,1
59948,1
59949,1
59950,1
59951,1
59952,0
59953,0
59954,0
59955,0
59956,0
59957,0
59958,1
59959,0
59960,1
59961,1
59962,0
59963,1
59964,1
59965,0
59966,1
59967,1
59968,1
59969,0
59970,0
59971,0
59972,1
59973,0
59974,0
59975,1
59976,0
59977,1
59978,1
59979,1
59980,0
59981,0
59982,0
59983,1
59984,0
59985,0
59986,1
59987,0
59988,1
59989,1
59990,1
59991,1
59992,1
59993,1
59994,0
59995,0
59996,0
59997,1
59998,1
59999,0
60000,1
60001,1
60002,1
60003,1
60004,1
60005,0
60006,0
60007,1
60008,0
60009,0
60010,0
60011,0
60012,0
60013,0
60014,1
60015,0
60016,1
60017,0
60018,0
60019,1
60020,0
60021,1
60022,1
60023,1
60024,0
60025,1
60026,0
60027,0
60028,1
60029,0
60030,0
60031,0
60032,1
60033,1
60034,0
60035,1
60036,1
60037,0
60038,0
60039,1
60040,1
60041,1
60042,1
60043,0
60044,1
60045,0
60046,0
60047,0
60048,0
60049,1
60050,0
60051,1
60052,0
60053,1
60054,1
60055,1
60056,1
60057,1
60058,0
60059,0
60060,0
60061,1
60062,1
60063,0
60064,0
60065,1
60066,0
60067,1
60068,1
60069,1
60070,1
60071,0
60072,1
60073,1
60074,1
60075,1
60076,0
60077,1
60078,0
60079,1
60080,0
60081,0
60082,1
60083,0
60084,1
60085,0
60086,1
60087,1
60088,1
60089,0
60090,1
60091,1
60092,1
60093,0
60094,0
60095,0
60096,0
60097,1
60098,0
60099,0
60100,1
60101,0
60102,1
60103,0
60104,1
60105,0
60106,1
60107,0
60108,0
60109,1
60110,0
60111,1
60112,0
60113,1
60114,0
60115,0
60116,1
60117,0
60118,0
60119,1
60120,0
60121,0
60122,0
60123,1
60124,0
60125,0
60126,1
60127,0
60128,0
60129,0
60130,0
60131,1
60132,1
60133,1
60134,0
60135,0
60136,1
60137,0
60138,1
60139,0
60140,0
60141,1
60142,1
60143,0
60144,1
60145,0
60146,1
60147,0
60148,1
60149,0
60150,0
60151,0
60152,0
60153,1
60154,0
60155,0
60156,1
60157,0
60158,0
60159,0
60160,0
60161,0
60162,1
60163,1
60164,0
60165,1
60166,1
60167,0
60168,0
60169,1
60170,0
60171,0
60172,1
60173,0
60174,1
60175,0
60176,1
60177,0
60178,1
60179,1
60180,0
60181,0
60182,1
60183,0
60184,0
60185,1
60186,1
60187,1
60188,1
60189,0
60190,1
60191,1
60192,0
60193,0
60194,0
60195,0
60196,0
60197,1
60198,1
60199,0
60200,1
60201,1
60202,0
60203,1
60204,1
60205,0
60206,1
60207,0
60208,0
60209,0
60210,0
60211,0
60212,1
60213,0
60214,1
60215,1
60216,0
60217,0
60218,1
60219,0
60220,0
60221,1
60222,1
60223,0
60224,0
60225,0
60226,1
60227,1
60228,1
60229,1
60230,1
60231,1
60232,0
60233,0
60234,1
60235,1
60236,1
60237,0
60238,0
60239,1
60240,1
60241,1
60242,0
60243,0
60244,1
60245,0
60246,0
60247,1
60248,0
60249,0
60250,0
60251,0
60252,1
60253,1
60254,0
60255,0
60256,1
60257,1
60258,1
60259,0
60260,1
60261,0
60262,0
60263,1
60264,1
60265,0
60266,1
60267,1
60268,1
60269,0
60270,1
60271,1
60272,1
60273,1
60274,0
60275,1
60276,0
60277,0
60278,0
60279,1
60280,1
60281,1
60282,0
60283,0
60284,0
60285,1
60286,0
60287,0
60288,0
60289,1
60290,0
60291,1
60292,0
60293,0
60294,1
60295,0
60296,1
60297,0
60298,0
60299,0
60300,0
60301,0
60302,1
60303,1
60304,1
60305,0
60306,0
60307,1
60308,1
60309,0
60310,1
60311,1
60312,0
60313,0
60314,0
60315,0
60316,1
60317,0
60318,0
60319,0
60320,1
60321,1
60322,0
60323,0
60324,0
60325,1
60326,0
60327,0
60328,1
60329,1
60330,1
60331,0
60332,1
60333,0
60334,0
60335,1
60336,1
60337,0
60338,0
60339,0
60340,1
60341,1
60342,1
60343,0
60344,1
60345,0
60346,0
60347,1
60348,0
60349,1
60350,1
60351,0
60352,0
60353,1
60354,0
60355,1
60356,0
60357,1
60358,0
60359,1
60360,1
60361,0
60362,0
60363,1
60364,1
60365,0
60366,0
60367,1
60368,0
60369,0
60370,0
60371,0
60372,0
60373,0
60374,0
60375,1
60376,1
60377,1
60378,1
60379,0
60380,1
60381,0
60382,1
60383,0
60384,1
60385,0
60386,0
60387,0
60388,0
60389,1
60390,0
60391,1
60392,0
60393,0
60394,1
60395,0
60396,0
60397,0
60398,0
60399,1
60400,0
60401,0
60402,1
60403,1
60404,0
60405,0
60406,0
60407,0
60408,0
60409,0
60410,0
60411,1
60412,1
60413,0
60414,1
60415,1
60416,1
60417,0
60418,0
60419,0
60420,0
60421,0
60422,0
60423,0
60424,0
60425,1
60426,0
60427,1
60428,0
60429,1
60430,1
60431,1
60432,0
60433,1
60434,1
60435,0
60436,0
60437,0
60438,0
60439,0
60440,1
60441,1
60442,1
60443,0
60444,0
60445,0
60446,0
60447,1
60448,0
60449,1
60450,1
60451,0
60452,1
60453,1
60454,0
60455,0
60456,0
60457,0
60458,0
60459,0
60460,1
60461,1
60462,1
60463,0
60464,0
60465,1
60466,1
60467,1
60468,1
60469,1
60470,0
60471,0
60472,1
60473,1
60474,1
60475,1
60476,1
60477,0
60478,0
60479,0
60480,0
60481,0
60482,0
60483,1
60484,0
60485,0
60486,0
60487,1
60488,0
60489,1
60490,0
60491,0
60492,1
60493,0
60494,0
60495,0
60496,1
60497,0
60498,0
60499,1
60500,0
60501,1
60502,1
60503,1
60504,1
60505,1
60506,0
60507,0
60508,0
60509,1
60510,1
60511,1
60512,1
60513,0
60514,0
60515,0
60516,0
60517,0
60518,0
60519,0
60520,1
60521,0
60522,1
60523,0
60524,0
60525,1
60526,0
60527,1
60528,0
60529,0
60530,0
60531,1
60532,0
60533,0
60534,0
60535,1
60536,0
60537,0
60538,0
60539,0
60540,0
60541,1
60542,0
60543,0
60544,1
60545,1
60546,0
60547,0
60548,1
60549,1
60550,0
60551,0
60552,1
60553,1
60554,0
60555,1
60556,1
60557,0
60558,0
60559,0
60560,1
60561,0
60562,0
60563,1
60564,1
60565,0
60566,1
60567,0
60568,1
60569,0
60570,1
60571,0
60572,0
60573,1
60574,0
60575,0
60576,0
60577,0
60578,1
60579,0
60580,0
60581,1
60582,1
60583,1
60584,0
60585,0
60586,1
60587,0
60588,1
60589,1
60590,1
60591,0
60592,1
60593,0
60594,1
60595,1
60596,0
60597,0
60598,0
60599,1
60600,1
60601,1
60602,0
60603,1
60604,0
60605,1
60606,0
60607,1
60608,1
60609,0
60610,0
60611,0
60612,1
60613,0
60614,0
60615,1
60616,0
60617,0
60618,0
60619,0
60620,0
60621,1
60622,1
60623,1
60624,0
60625,1
60626,0
60627,0
60628,0
60629,1
60630,0
60631,0
60632,0
60633,0
60634,1
60635,1
60636,1
60637,0
60638,0
60639,1
60640,1
60641,0
60642,0
60643,0
60644,0
60645,0
60646,0
60647,0
60648,0
60649,0
60650,0
60651,1
60652,1
60653,1
60654,1
60655,0
60656,0
60657,1
60658,1
60659,1
60660,0
60661,1
60662,1
60663,1
60664,1
60665,1
60666,0
60667,0
60668,0
60669,0
60670,0
60671,1
60672,1
60673,0
60674,0
60675,1
60676,0
60677,0
60678,1
60679,1
60680,1
60681,0
60682,0
60683,1
60684,0
60685,0
60686,1
60687,0
60688,0
60689,1
60690,0
60691,0
60692,0
60693,0
60694,0
60695,0
60696,1
60697,0
60698,0
60699,1
60700,0
60701,0
60702,0
60703,0
60704,1
60705,1
60706,0
60707,1
60708,0
60709,0
60710,0
60711,1
60712,0
60713,1
60714,1
60715,0
60716,0
60717,1
60718,1
60719,1
60720,0
60721,1
60722,0
60723,0
60724,1
60725,1
60726,0
60727,1
60728,0
60729,0
60730,0
60731,0
60732,1
60733,1
60734,1
60735,1
60736,0
60737,0
60738,1
60739,0
60740,1
60741,0
60742,0
60743,0
60744,1
60745,0
60746,0
60747,1
60748,0
60749,0
60750,1
60751,1
60752,1
60753,0
60754,1
60755,1
60756,0
60757,1
60758,0
60759,0
60760,1
60761,1
60762,0
60763,1
60764,1
60765,0
60766,0
60767,1
60768,0
60769,0
60770,0
60771,0
60772,1
60773,0
60774,1
60775,1
60776,0
60777,0
60778,1
60779,0
60780,0
60781,0
60782,1
60783,0
60784,1
60785,1
60786,1
60787,0
60788,1
60789,1
60790,0
60791,1
60792,0
60793,1
60794,0
60795,0
60796,1
60797,1
60798,0
60799,1
60800,0
60801,0
60802,1
60803,1
60804,0
60805,1
60806,1
60807,0
60808,1
60809,0
60810,1
60811,0
60812,1
60813,0
60814,0
60815,0
60816,1
60817,1
60818,1
60819,1
60820,0
60821,0
60822,1
60823,1
60824,0
60825,1
60826,0
60827,1
60828,1
60829,0
60830,0
60831,0
60832,0
60833,0
60834,0
60835,0
60836,0
60837,1
60838,1
60839,0
60840,0
60841,0
60842,1
60843,0
60844,0
60845,1
60846,0
60847,1
60848,0
60849,1
60850,0
60851,0
60852,1
60853,0
60854,0
60855,0
60856,1
60857,0
60858,1
60859,1
60860,0
60861,0
60862,1
60863,0
60864,1
60865,1
60866,0
60867,1
60868,1
60869,0
60870,0
60871,1
60872,0
60873,0
60874,1
60875,0
60876,1
60877,0
60878,0
60879,1
60880,1
60881,0
60882,1
60883,1
60884,1
60885,1
60886,0
60887,1
60888,1
60889,0
60890,0
60891,1
60892,1
60893,1
60894,1
60895,0
60896,1
60897,0
60898,0
60899,0
60900,1
60901,1
60902,0
60903,0
60904,0
60905,1
60906,1
60907,1
60908,0
60909,0
60910,0
60911,0
60912,0
60913,1
60914,1
60915,1
60916,0
60917,1
60918,0
60919,0
60920,0
60921,1
60922,1
60923,1
60924,1
60925,0
60926,0
60927,1
60928,0
60929,1
60930,0
60931,0
60932,0
60933,1
60934,1
60935,0
60936,1
60937,1
60938,1
60939,1
60940,1
60941,1
60942,1
60943,1
60944,0
60945,0
60946,0
60947,1
60948,0
60949,0
60950,0
60951,0
60952,0
60953,0
60954,1
60955,0
60956,0
60957,0
60958,0
60959,1
60960,1
60961,1
60962,0
60963,0
60964,1
60965,0
60966,0
60967,1
60968,1
60969,0
60970,1
60971,1
60972,1
60973,1
60974,1
60975,1
60976,1
60977,0
60978,0
60979,1
60980,0
60981,1
60982,1
60983,0
60984,1
60985,1
60986,1
60987,1
60988,0
60989,0
60990,1
60991,0
60992,1
60993,1
60994,0
60995,1
60996,0
60997,0
60998,0
60999,0
61000,0
61001,0
61002,0
61003,0
61004,0
61005,1
61006,1
61007,0
61008,0
61009,1
61010,1
61011,1
61012,1
61013,0
61014,0
61015,0
61016,1
61017,1
61018,1
61019,0
61020,0
61021,0
61022,1
61023,0
61024,1
61025,1
61026,0
61027,0
61028,0
61029,0
61030,1
61031,1
61032,1
61033,0
61034,0
61035,0
61036,1
61037,1
61038,0
61039,1
61040,0
61041,0
61042,0
61043,1
61044,0
61045,0
61046,1
61047,0
61048,1
61049,1
61050,1
61051,0
61052,0
61053,1
61054,0
61055,0
61056,0
61057,0
61058,1
61059,1
61060,1
61061,0
61062,1
61063,0
61064,1
61065,0
61066,0
61067,1
61068,0
61069,0
61070,1
61071,1
61072,1
61073,1
61074,0
61075,0
61076,0
61077,1
61078,1
61079,0
61080,0
61081,1
61082,1
61083,0
61084,1
61085,1
61086,1
61087,0
61088,0
61089,0
61090,0
61091,0
61092,0
61093,0
61094,0
61095,1
61096,0
61097,1
61098,1
61099,0
61100,0
61101,0
61102,1
61103,1
61104,0
61105,0
61106,1
61107,1
61108,1
61109,1
61110,1
61111,0
61112,1
61113,0
61114,1
61115,0
61116,0
61117,1
61118,0
61119,0
61120,0
61121,1
61122,0
61123,0
61124,1
61125,1
61126,0
61127,0
61128,0
61129,1
61130,1
61131,0
61132,1
61133,1
61134,1
61135,0
61136,0
61137,0
61138,1
61139,1
61140,1
61141,1
61142,0
61143,1
61144,0
61145,0
61146,1
61147,0
61148,1
61149,1
61150,0
61151,1
61152,0
61153,1
61154,1
61155,0
61156,0
61157,0
61158,1
61159,0
61160,0
61161,1
61162,0
61163,0
61164,1
61165,1
61166,0
61167,0
61168,0
61169,0
61170,1
61171,1
61172,0
61173,0
61174,0
61175,1
61176,0
61177,1
61178,0
61179,1
61180,0
61181,0
61182,1
61183,0
61184,1
61185,0
61186,1
61187,1
61188,0
61189,0
61190,0
61191,1
61192,1
61193,1
61194,0
61195,0
61196,1
61197,1
61198,0
61199,1
61200,0
61201,0
61202,1
61203,0
61204,0
61205,1
61206,0
61207,0
61208,1
61209,0
61210,0
61211,0
61212,1
61213,0
61214,0
61215,1
61216,0
61217,1
61218,0
61219,0
61220,0
61221,0
61222,0
61223,1
61224,1
61225,1
61226,0
61227,1
61228,0
61229,0
61230,0
61231,1
61232,1
61233,0
61234,1
61235,0
61236,1
61237,1
61238,0
61239,0
61240,0
61241,1
61242,0
61243,0
61244,0
61245,0
61246,0
61247,0
61248,1
61249,1
61250,0
61251,1
61252,0
61253,0
61254,1
61255,0
61256,1
61257,1
61258,1
61259,0
61260,0
61261,1
61262,0
61263,0
61264,0
61265,1
61266,1
61267,0
61268,1
61269,0
61270,0
61271,0
61272,1
61273,0
61274,1
61275,0
61276,0
61277,0
61278,1
61279,0
61280,0
61281,1
61282,1
61283,1
61284,0
61285,1
61286,0
61287,0
61288,0
61289,0
61290,0
61291,0
61292,0
61293,1
61294,1
61295,1
61296,1
61297,1
61298,0
61299,1
61300,1
61301,0
61302,1
61303,1
61304,1
61305,1
61306,0
61307,0
61308,1
61309,0
61310,1
61311,0
61312,0
61313,0
61314,0
61315,0
61316,0
61317,1
61318,0
61319,0
61320,0
61321,1
61322,1
61323,0
61324,1
61325,0
61326,0
61327,0
61328,0
61329,1
61330,1
61331,1
61332,0
61333,0
61334,0
61335,0
61336,0
61337,0
61338,0
61339,0
61340,0
61341,1
61342,0
61343,0
61344,1
61345,1
61346,1
61347,1
61348,1
61349,1
61350,0
61351,1
61352,0
61353,0
61354,0
61355,0
61356,1
61357,0
61358,1
61359,1
61360,1
61361,1
61362,1
61363,1
61364,0
61365,1
61366,1
61367,1
61368,1
61369,1
61370,1
61371,0
61372,0
61373,0
61374,1
61375,0
61376,0
61377,0
61378,0
61379,0
61380,1
61381,0
61382,0
61383,0
61384,1
61385,0
61386,0
61387,1
61388,0
61389,1
61390,1
61391,1
61392,1
61393,1
61394,1
61395,1
61396,0
61397,1
61398,0
61399,0
61400,0
61401,1
61402,1
61403,0
61404,0
61405,1
61406,1
61407,0
61408,0
61409,1
61410,1
61411,1
61412,0
61413,1
61414,1
61415,1
61416,0
61417,0
61418,1
61419,0
61420,0
61421,0
61422,0
61423,1
61424,0
61425,0
61426,0
61427,0
61428,0
61429,1
61430,0
61431,0
61432,0
61433,0
61434,0
61435,1
61436,1
61437,0
61438,0
61439,1
61440,1
61441,1
61442,0
61443,0
61444,1
61445,0
61446,1
61447,0
61448,1
61449,0
61450,1
61451,0
61452,0
61453,1
61454,0
61455,0
61456,1
61457,0
61458,1
61459,0
61460,0
61461,1
61462,0
61463,1
61464,1
61465,0
61466,0
61467,1
61468,1
61469,0
61470,1
61471,1
61472,0
61473,0
61474,1
61475,0
61476,1
61477,0
61478,1
61479,1
61480,1
61481,1
61482,1
61483,1
61484,1
61485,1
61486,1
61487,0
61488,0
61489,1
61490,0
61491,0
61492,0
61493,1
61494,1
61495,1
61496,1
61497,0
61498,1
61499,0
61500,1
61501,0
61502,0
61503,0
61504,0
61505,0
61506,0
61507,0
61508,0
61509,0
61510,1
61511,1
61512,0
61513,1
61514,1
61515,1
61516,0
61517,1
61518,1
61519,0
61520,0
61521,0
61522,0
61523,0
61524,0
61525,0
61526,0
61527,1
61528,0
61529,0
61530,0
61531,0
61532,1
61533,1
61534,1
61535,0
61536,0
61537,1
61538,1
61539,1
61540,0
61541,0
61542,0
61543,0
61544,0
61545,1
61546,1
61547,0
61548,0
61549,1
61550,0
61551,0
61552,0
61553,0
61554,0
61555,0
61556,0
61557,0
61558,0
61559,0
61560,0
61561,0
61562,1
61563,0
61564,0
61565,1
61566,1
61567,1
61568,0
61569,0
61570,1
61571,0
61572,0
61573,1
61574,1
61575,0
61576,0
61577,1
61578,1
61579,1
61580,0
61581,1
61582,1
61583,0
61584,0
61585,0
61586,0
61587,1
61588,1
61589,1
61590,0
61591,1
61592,1
61593,1
61594,0
61595,1
61596,0
61597,1
61598,0
61599,0
61600,0
61601,0
61602,1
61603,0
61604,1
61605,0
61606,1
61607,0
61608,1
61609,0
61610,0
61611,1
61612,0
61613,1
61614,1
61615,1
61616,1
61617,1
61618,1
61619,1
61620,0
61621,0
61622,0
61623,0
61624,1
61625,0
61626,1
61627,1
61628,0
61629,0
61630,0
61631,0
61632,1
61633,1
61634,0
61635,1
61636,0
61637,1
61638,1
61639,1
61640,1
61641,1
61642,1
61643,0
61644,1
61645,1
61646,0
61647,0
61648,0
61649,1
61650,0
61651,0
61652,0
61653,0
61654,1
61655,0
61656,1
61657,0
61658,1
61659,1
61660,1
61661,1
61662,1
61663,1
61664,0
61665,1
61666,1
61667,1
61668,0
61669,1
61670,0
61671,0
61672,1
61673,0
61674,1
61675,1
61676,1
61677,1
61678,1
61679,0
61680,0
61681,0
61682,1
61683,0
61684,0
61685,0
61686,1
61687,1
61688,1
61689,0
61690,1
61691,1
61692,1
61693,1
61694,1
61695,1
61696,1
61697,0
61698,0
61699,0
61700,0
61701,1
61702,1
61703,1
61704,1
61705,0
61706,0
61707,0
61708,1
61709,1
61710,0
61711,0
61712,1
61713,0
61714,0
61715,0
61716,0
61717,0
61718,0
61719,0
61720,1
61721,0
61722,0
61723,1
61724,0
61725,1
61726,1
61727,1
61728,0
61729,1
61730,0
61731,1
61732,1
61733,0
61734,1
61735,0
61736,0
61737,0
61738,1
61739,0
61740,1
61741,1
61742,0
61743,0
61744,1
61745,1
61746,1
61747,0
61748,0
61749,0
61750,1
61751,1
61752,1
61753,0
61754,1
61755,1
61756,0
61757,0
61758,1
61759,0
61760,1
61761,1
61762,1
61763,0
61764,1
61765,1
61766,1
61767,0
61768,0
61769,1
61770,1
61771,0
61772,1
61773,0
61774,0
61775,0
61776,1
61777,0
61778,1
61779,0
61780,1
61781,1
61782,0
61783,1
61784,0
61785,1
61786,1
61787,0
61788,1
61789,1
61790,1
61791,0
61792,0
61793,0
61794,1
61795,0
61796,1
61797,0
61798,0
61799,1
61800,1
61801,1
61802,0
61803,1
61804,0
61805,1
61806,0
61807,1
61808,0
61809,0
61810,1
61811,0
61812,1
61813,1
61814,1
61815,0
61816,0
61817,0
61818,0
61819,0
61820,0
61821,0
61822,1
61823,0
61824,1
61825,1
61826,0
61827,1
61828,1
61829,0
61830,0
61831,1
61832,0
61833,0
61834,0
61835,0
61836,0
61837,0
61838,1
61839,1
61840,0
61841,1
61842,0
61843,0
61844,1
61845,0
61846,1
61847,0
61848,0
61849,0
61850,1
61851,1
61852,1
61853,1
61854,1
61855,1
61856,1
61857,1
61858,0
61859,1
61860,1
61861,1
61862,1
61863,1
61864,0
61865,0
61866,1
61867,0
61868,1
61869,1
61870,0
61871,1
61872,0
61873,0
61874,0
61875,0
61876,1
61877,0
61878,0
61879,0
61880,1
61881,1
61882,0
61883,1
61884,1
61885,0
61886,1
61887,1
61888,0
61889,1
61890,1
61891,0
61892,0
61893,0
61894,1
61895,0
61896,1
61897,0
61898,1
61899,1
61900,1
61901,1
61902,0
61903,0
61904,0
61905,1
61906,1
61907,1
61908,0
61909,1
61910,0
61911,1
61912,0
61913,0
61914,1
61915,1
61916,1
61917,1
61918,1
61919,0
61920,1
61921,0
61922,1
61923,1
61924,1
61925,1
61926,1
61927,0
61928,0
61929,0
61930,1
61931,1
61932,1
61933,1
61934,1
61935,0
61936,0
61937,0
61938,0
61939,0
61940,0
61941,0
61942,1
61943,0
61944,1
61945,0
61946,1
61947,0
61948,0
61949,0
61950,0
61951,1
61952,1
61953,1
61954,0
61955,1
61956,0
61957,1
61958,0
61959,0
61960,0
61961,0
61962,1
61963,0
61964,1
61965,1
61966,0
61967,0
61968,0
61969,0
61970,1
61971,0
61972,0
61973,0
61974,0
61975,1
61976,0
61977,1
61978,0
61979,0
61980,0
61981,0
61982,0
61983,0
61984,0
61985,1
61986,0
61987,0
61988,0
61989,0
61990,1
61991,1
61992,0
61993,1
61994,0
61995,1
61996,1
61997,1
61998,1
61999,0
62000,0
62001,0
62002,1
62003,1
62004,1
62005,0
62006,1
62007,0
62008,1
62009,0
62010,0
62011,0
62012,0
62013,1
62014,0
62015,1
62016,0
62017,0
62018,1
62019,0
62020,1
62021,1
62022,1
62023,1
62024,0
62025,0
62026,1
62027,1
62028,0
62029,0
62030,1
62031,1
62032,1
62033,1
62034,0
62035,0
62036,0
62037,1
62038,0
62039,0
62040,1
62041,0
62042,1
62043,1
62044,1
62045,1
62046,1
62047,0
62048,1
62049,0
62050,0
62051,0
62052,0
62053,1
62054,0
62055,0
62056,1
62057,0
62058,0
62059,1
62060,0
62061,1
62062,0
62063,0
62064,0
62065,0
62066,0
62067,0
62068,0
62069,0
62070,0
62071,0
62072,1
62073,0
62074,1
62075,1
62076,1
62077,1
62078,0
62079,1
62080,0
62081,0
62082,1
62083,0
62084,0
62085,0
62086,0
62087,1
62088,0
62089,0
62090,1
62091,0
62092,0
62093,0
62094,1
62095,0
62096,0
62097,0
62098,1
62099,0
62100,1
62101,0
62102,0
62103,0
62104,1
62105,0
62106,0
62107,0
62108,1
62109,0
62110,0
62111,0
62112,0
62113,1
62114,0
62115,0
62116,0
62117,0
62118,1
62119,1
62120,0
62121,1
62122,1
62123,1
62124,1
62125,1
62126,1
62127,0
62128,0
62129,0
62130,1
62131,0
62132,0
62133,0
62134,0
62135,0
62136,0
62137,1
62138,0
62139,1
62140,0
62141,1
62142,0
62143,0
62144,1
62145,0
62146,1
62147,1
62148,0
62149,1
62150,0
62151,0
62152,0
62153,1
62154,0
62155,0
62156,0
62157,1
62158,0
62159,0
62160,0
62161,0
62162,1
62163,0
62164,1
62165,1
62166,1
62167,1
62168,0
62169,0
62170,0
62171,1
62172,1
62173,1
62174,0
62175,0
62176,0
62177,0
62178,1
62179,0
62180,1
62181,0
62182,0
62183,0
62184,1
62185,1
62186,1
62187,1
62188,1
62189,1
62190,0
62191,1
62192,0
62193,1
62194,1
62195,0
62196,0
62197,0
62198,0
62199,0
62200,0
62201,1
62202,0
62203,1
62204,0
62205,0
62206,0
62207,0
62208,0
62209,0
62210,1
62211,1
62212,0
62213,1
62214,1
62215,1
62216,0
62217,0
62218,1
62219,1
62220,1
62221,1
62222,1
62223,1
62224,0
62225,1
62226,1
62227,1
62228,0
62229,0
62230,0
62231,0
62232,0
62233,0
62234,0
62235,1
62236,1
62237,1
62238,0
62239,1
62240,1
62241,0
62242,1
62243,1
62244,0
62245,0
62246,0
62247,0
62248,0
62249,1
62250,1
62251,1
62252,0
62253,0
62254,1
62255,1
62256,1
62257,0
62258,0
62259,1
62260,1
62261,0
62262,1
62263,1
62264,0
62265,0
62266,1
62267,1
62268,0
62269,1
62270,0
62271,0
62272,0
62273,1
62274,0
62275,1
62276,1
62277,1
62278,1
62279,0
62280,1
62281,0
62282,0
62283,0
62284,1
62285,0
62286,0
62287,0
62288,0
62289,0
62290,1
62291,1
62292,1
62293,0
62294,1
62295,1
62296,0
62297,1
62298,0
62299,1
62300,0
62301,1
62302,1
62303,0
62304,1
62305,1
62306,0
62307,1
62308,1
62309,1
62310,0
62311,0
62312,1
62313,1
62314,1
62315,0
62316,0
62317,0
62318,0
62319,1
62320,1
62321,0
62322,0
62323,1
62324,1
62325,0
62326,1
62327,1
62328,0
62329,1
62330,1
62331,0
62332,0
62333,1
62334,1
62335,0
62336,0
62337,1
62338,1
62339,1
62340,1
62341,0
62342,1
62343,1
62344,1
62345,0
62346,0
62347,1
62348,1
62349,0
62350,1
62351,0
62352,1
62353,0
62354,0
62355,0
62356,0
62357,0
62358,1
62359,0
62360,0
62361,1
62362,0
62363,1
62364,0
62365,0
62366,0
62367,0
62368,0
62369,1
62370,0
62371,1
62372,1
62373,0
62374,1
62375,1
62376,1
62377,1
62378,1
62379,1
62380,0
62381,0
62382,0
62383,0
62384,1
62385,1
62386,1
62387,1
62388,1
62389,0
62390,1
62391,1
62392,0
62393,0
62394,0
62395,1
62396,0
62397,1
62398,1
62399,0
62400,1
62401,1
62402,1
62403,1
62404,0
62405,0
62406,0
62407,1
62408,0
62409,1
62410,1
62411,0
62412,0
62413,1
62414,0
62415,0
62416,1
62417,1
62418,1
62419,0
62420,0
62421,0
62422,0
62423,1
62424,1
62425,0
62426,0
62427,0
62428,0
62429,1
62430,0
62431,1
62432,1
62433,0
62434,0
62435,1
62436,0
62437,1
62438,0
62439,1
62440,1
62441,0
62442,0
62443,0
62444,1
62445,0
62446,0
62447,1
62448,0
62449,1
62450,1
62451,1
62452,0
62453,0
62454,1
62455,1
62456,1
62457,1
62458,1
62459,0
62460,0
62461,1
62462,0
62463,1
62464,1
62465,0
62466,1
62467,1
62468,1
62469,1
62470,0
62471,1
62472,0
62473,1
62474,1
62475,0
62476,0
62477,0
62478,0
62479,0
62480,1
62481,0
62482,0
62483,1
62484,1
62485,0
62486,0
62487,1
62488,1
62489,0
62490,0
62491,1
62492,0
62493,0
62494,1
62495,1
62496,1
62497,1
62498,1
62499,0
62500,1
62501,1
62502,1
62503,1
62504,1
62505,1
62506,0
62507,0
62508,1
62509,1
62510,0
62511,0
62512,1
62513,1
62514,1
62515,0
62516,0
62517,1
62518,0
62519,0
62520,1
62521,1
62522,0
62523,0
62524,0
62525,0
62526,1
62527,1
62528,1
62529,1
62530,1
62531,1
62532,1
62533,1
62534,0
62535,0
62536,0
62537,0
62538,1
62539,0
62540,1
62541,1
62542,1
62543,0
62544,1
62545,1
62546,0
62547,0
62548,0
62549,0
62550,0
62551,0
62552,0
62553,0
62554,1
62555,1
62556,1
62557,0
62558,0
62559,0
62560,0
62561,0
62562,1
62563,0
62564,1
62565,1
62566,1
62567,0
62568,0
62569,1
62570,0
62571,0
62572,0
62573,0
62574,1
62575,0
62576,0
62577,1
62578,0
62579,1
62580,0
62581,1
62582,0
62583,1
62584,1
62585,0
62586,1
62587,0
62588,1
62589,0
62590,1
62591,0
62592,0
62593,1
62594,1
62595,0
62596,0
62597,1
62598,1
62599,0
62600,1
62601,0
62602,1
62603,0
62604,0
62605,0
62606,0
62607,0
62608,1
62609,1
62610,1
62611,1
62612,0
62613,0
62614,0
62615,1
62616,0
62617,0
62618,0
62619,0
62620,0
62621,0
62622,1
62623,0
62624,1
62625,0
62626,1
62627,0
62628,0
62629,0
62630,1
62631,0
62632,0
62633,1
62634,0
62635,1
62636,0
62637,0
62638,0
62639,1
62640,1
62641,0
62642,0
62643,0
62644,1
62645,1
62646,1
62647,0
62648,1
62649,0
62650,0
62651,0
62652,1
62653,0
62654,1
62655,0
62656,0
62657,0
62658,1
62659,0
62660,1
62661,0
62662,1
62663,1
62664,0
62665,0
62666,1
62667,0
62668,0
62669,0
62670,1
62671,0
62672,0
62673,0
62674,0
62675,1
62676,1
62677,0
62678,1
62679,0
62680,0
62681,0
62682,0
62683,0
62684,0
62685,1
62686,0
62687,0
62688,1
62689,1
62690,0
62691,1
62692,1
62693,1
62694,0
62695,0
62696,1
62697,1
62698,0
62699,0
62700,1
62701,0
62702,1
62703,0
62704,1
62705,0
62706,1
62707,0
62708,0
62709,1
62710,1
62711,1
62712,0
62713,0
62714,0
62715,1
62716,1
62717,1
62718,0
62719,1
62720,1
62721,0
62722,0
62723,0
62724,1
62725,0
62726,1
62727,1
62728,0
62729,0
62730,0
62731,1
62732,1
62733,0
62734,0
62735,0
62736,1
62737,0
62738,1
62739,0
62740,1
62741,0
62742,0
62743,0
62744,1
62745,0
62746,0
62747,1
62748,0
62749,0
62750,0
62751,0
62752,1
62753,1
62754,0
62755,0
62756,1
62757,0
62758,1
62759,1
62760,0
62761,1
62762,0
62763,1
62764,1
62765,0
62766,0
62767,1
62768,0
62769,1
62770,1
62771,0
62772,1
62773,1
62774,1
62775,1
62776,1
62777,1
62778,0
62779,0
62780,0
62781,0
62782,1
62783,0
62784,1
62785,0
62786,0
62787,0
62788,1
62789,1
62790,0
62791,0
62792,1
62793,0
62794,1
62795,1
62796,0
62797,0
62798,1
62799,0
62800,1
62801,0
62802,0
62803,0
62804,1
62805,1
62806,1
62807,0
62808,0
62809,0
62810,0
62811,0
62812,0
62813,1
62814,0
62815,1
62816,0
62817,0
62818,1
62819,1
62820,1
62821,0
62822,1
62823,1
62824,0
62825,1
62826,0
62827,1
62828,0
62829,1
62830,1
62831,1
62832,0
62833,0
62834,1
62835,1
62836,0
62837,0
62838,1
62839,1
62840,1
62841,1
62842,0
62843,0
62844,1
62845,0
62846,1
62847,0
62848,1
62849,0
62850,0
62851,0
62852,1
62853,1
62854,1
62855,1
62856,1
62857,1
62858,1
62859,1
62860,0
62861,1
62862,1
62863,0
62864,1
62865,1
62866,1
62867,1
62868,0
62869,0
62870,1
62871,0
62872,0
62873,0
62874,0
62875,0
62876,1
62877,0
62878,0
62879,1
62880,0
62881,1
62882,0
62883,0
62884,0
62885,1
62886,1
62887,1
62888,1
62889,1
62890,0
62891,1
62892,0
62893,1
62894,1
62895,0
62896,0
62897,0
62898,0
62899,0
62900,0
62901,1
62902,0
62903,0
62904,0
62905,0
62906,0
62907,1
62908,0
62909,0
62910,1
62911,0
62912,0
62913,0
62914,1
62915,0
62916,0
62917,1
62918,0
62919,0
62920,0
62921,1
62922,1
62923,0
62924,1
62925,1
62926,0
62927,0
62928,0
62929,1
62930,0
62931,0
62932,0
62933,1
62934,1
62935,0
62936,0
62937,0
62938,0
62939,0
62940,0
62941,0
62942,0
62943,1
62944,1
62945,0
62946,0
62947,0
62948,0
62949,0
62950,1
62951,0
62952,0
62953,1
62954,0
62955,1
62956,0
62957,1
62958,1
62959,1
62960,1
62961,1
62962,1
62963,1
62964,0
62965,0
62966,1
62967,1
62968,1
62969,1
62970,0
62971,0
62972,0
62973,0
62974,1
62975,0
62976,1
62977,1
62978,1
62979,1
62980,0
62981,1
62982,1
62983,1
62984,0
62985,1
62986,1
62987,1
62988,1
62989,1
62990,0
62991,1
62992,0
62993,1
62994,0
62995,1
62996,0
62997,1
62998,1
62999,1
63000,0
63001,1
63002,0
63003,0
63004,0
63005,0
63006,1
63007,0
63008,0
63009,1
63010,0
63011,0
63012,1
63013,1
63014,0
63015,0
63016,1
63017,0
63018,1
63019,1
63020,0
63021,0
63022,0
63023,0
63024,0
63025,0
63026,0
63027,0
63028,0
63029,0
63030,1
63031,0
63032,0
63033,0
63034,0
63035,0
63036,1
63037,0
63038,0
63039,1
63040,0
63041,1
63042,0
63043,0
63044,0
63045,0
63046,0
63047,1
63048,1
63049,1
63050,1
63051,0
63052,0
63053,1
63054,0
63055,1
63056,0
63057,0
63058,1
63059,1
63060,1
63061,1
63062,0
63063,1
63064,0
63065,1
63066,0
63067,1
63068,1
63069,1
63070,0
63071,0
63072,1
63073,0
63074,1
63075,0
63076,1
63077,1
63078,0
63079,0
63080,1
63081,0
63082,0
63083,0
63084,0
63085,0
63086,0
63087,1
63088,0
63089,1
63090,0
63091,0
63092,0
63093,0
63094,1
63095,1
63096,0
63097,0
63098,1
63099,1
63100,1
63101,0
63102,0
63103,0
63104,0
63105,1
63106,0
63107,0
63108,1
63109,0
63110,0
63111,0
63112,0
63113,1
63114,1
63115,0
63116,0
63117,1
63118,1
63119,1
63120,0
63121,0
63122,0
63123,1
63124,0
63125,1
63126,1
63127,0
63128,0
63129,0
63130,0
63131,0
63132,0
63133,1
63134,0
63135,1
63136,1
63137,0
63138,0
63139,0
63140,1
63141,0
63142,1
63143,0
63144,0
63145,1
63146,1
63147,0
63148,1
63149,0
63150,1
63151,1
63152,1
63153,0
63154,0
63155,1
63156,0
63157,1
63158,0
63159,0
63160,1
63161,0
63162,0
63163,0
63164,1
63165,1
63166,0
63167,1
63168,0
63169,1
63170,0
63171,1
63172,1
63173,1
63174,1
63175,0
63176,0
63177,0
63178,1
63179,1
63180,1
63181,0
63182,1
63183,0
63184,1
63185,0
63186,1
63187,0
63188,0
63189,1
63190,0
63191,1
63192,0
63193,0
63194,0
63195,0
63196,1
63197,0
63198,1
63199,1
63200,0
63201,0
63202,1
63203,0
63204,0
63205,1
63206,0
63207,1
63208,0
63209,0
63210,1
63211,0
63212,0
63213,1
63214,1
63215,0
63216,1
63217,1
63218,1
63219,0
63220,0
63221,1
63222,0
63223,0
63224,1
63225,0
63226,0
63227,0
63228,1
63229,0
63230,1
63231,1
63232,1
63233,1
63234,0
63235,0
63236,0
63237,1
63238,0
63239,1
63240,1
63241,0
63242,1
63243,0
63244,0
63245,0
63246,0
63247,0
63248,0
63249,1
63250,1
63251,0
63252,1
63253,0
63254,0
63255,0
63256,0
63257,0
63258,1
63259,1
63260,0
63261,0
63262,1
63263,1
63264,1
63265,0
63266,1
63267,1
63268,0
63269,0
63270,0
63271,1
63272,1
63273,0
63274,0
63275,1
63276,1
63277,1
63278,0
63279,1
63280,0
63281,1
63282,0
63283,0
63284,0
63285,0
63286,0
63287,1
63288,0
63289,0
63290,0
63291,1
63292,1
63293,0
63294,0
63295,1
63296,0
63297,1
63298,1
63299,1
63300,1
63301,0
63302,0
63303,0
63304,0
63305,1
63306,0
63307,1
63308,1
63309,0
63310,1
63311,0
63312,0
63313,1
63314,1
63315,0
63316,0
63317,1
63318,0
63319,1
63320,1
63321,1
63322,0
63323,1
63324,0
63325,1
63326,0
63327,1
63328,0
63329,1
63330,0
63331,0
63332,0
63333,0
63334,1
63335,1
63336,1
63337,1
63338,1
63339,0
63340,1
63341,0
63342,0
63343,0
63344,1
63345,0
63346,0
63347,0
63348,0
63349,1
63350,0
63351,0
63352,0
63353,1
63354,1
63355,0
63356,1
63357,0
63358,0
63359,1
63360,1
63361,0
63362,1
63363,0
63364,0
63365,1
63366,1
63367,0
63368,1
63369,0
63370,1
63371,0
63372,1
63373,0
63374,1
63375,1
63376,1
63377,0
63378,0
63379,0
63380,0
63381,0
63382,0
63383,0
63384,1
63385,0
63386,0
63387,1
63388,0
63389,0
63390,0
63391,1
63392,0
63393,1
63394,0
63395,1
63396,0
63397,1
63398,0
63399,0
63400,1
63401,1
63402,0
63403,0
63404,1
63405,0
63406,0
63407,1
63408,1
63409,1
63410,1
63411,1
63412,0
63413,1
63414,1
63415,1
63416,1
63417,0
63418,1
63419,1
63420,1
63421,0
63422,0
63423,0
63424,0
63425,0
63426,1
63427,1
63428,0
63429,1
63430,0
63431,0
63432,0
63433,1
63434,1
63435,0
63436,0
63437,0
63438,1
63439,1
63440,0
63441,1
63442,0
63443,0
63444,1
63445,1
63446,0
63447,0
63448,0
63449,0
63450,1
63451,0
63452,1
63453,1
63454,1
63455,1
63456,0
63457,1
63458,1
63459,0
63460,0
63461,1
63462,1
63463,1
63464,0
63465,1
63466,0
63467,1
63468,1
63469,1
63470,1
63471,0
63472,0
63473,0
63474,0
63475,0
63476,1
63477,0
63478,0
63479,0
63480,1
63481,0
63482,1
63483,0
63484,1
63485,1
63486,0
63487,0
63488,1
63489,0
63490,0
63491,1
63492,0
63493,1
63494,0
63495,0
63496,0
63497,0
63498,0
63499,1
63500,1
63501,1
63502,1
63503,0
63504,0
63505,1
63506,0
63507,0
63508,0
63509,0
63510,1
63511,0
63512,0
63513,0
63514,0
63515,0
63516,1
63517,0
63518,0
63519,1
63520,0
63521,0
63522,0
63523,0
63524,1
63525,0
63526,1
63527,0
63528,0
63529,0
63530,0
63531,1
63532,1
63533,0
63534,1
63535,1
63536,1
63537,1
63538,0
63539,0
63540,1
63541,1
63542,1
63543,0
63544,1
63545,0
63546,0
63547,0
63548,1
63549,0
63550,0
63551,0
63552,1
63553,1
63554,1
63555,0
63556,1
63557,1
63558,1
63559,1
63560,1
63561,1
63562,1
63563,1
63564,0
63565,0
63566,1
63567,0
63568,0
63569,0
63570,0
63571,1
63572,0
63573,0
63574,1
63575,0
63576,1
63577,1
63578,0
63579,1
63580,1
63581,1
63582,0
63583,1
63584,0
63585,1
63586,1
63587,0
63588,1
63589,1
63590,0
63591,0
63592,1
63593,1
63594,1
63595,1
63596,0
63597,1
63598,0
63599,1
63600,0
63601,1
63602,0
63603,0
63604,0
63605,1
63606,0
63607,0
63608,1
63609,1
63610,0
63611,0
63612,1
63613,0
63614,1
63615,1
63616,1
63617,1
63618,1
63619,1
63620,0
63621,1
63622,1
63623,1
63624,0
63625,0
63626,0
63627,0
63628,1
63629,1
63630,0
63631,0
63632,0
63633,0
63634,0
63635,1
63636,1
63637,0
63638,1
63639,0
63640,0
63641,1
63642,0
63643,1
63644,0
63645,1
63646,1
63647,1
63648,1
63649,0
63650,0
63651,1
63652,0
63653,1
63654,0
